radio,mcc,net,area,cell,unit,lon,lat,range,samples,changeable,created,updated,is_simulated_5g
LTE,286,1,8208,26380,0,32.8279,39.9279,3940,23,1,1471624236,1769089384,True
LTE,286,1,8208,26381,-1,32.8283,39.927,1000,6,1,1768864984,1769089384,True
LTE,286,1,8208,26384,-1,32.8283,39.927,1000,2,1,1768996823,1769089384,True
LTE,286,1,8208,26385,-1,32.8283,39.927,1000,6,1,1768865514,1769089384,True
LTE,286,1,8208,26390,0,32.8272,39.9267,1000,8,1,1494147927,1769089384,True
LTE,286,1,8208,26394,-1,32.8281,39.927,1000,1,1,1769001484,1769001484,True
LTE,286,1,8208,26395,-1,32.8283,39.927,1000,2,1,1768996853,1769089384,True
LTE,286,1,8208,26402,0,32.8238,39.9303,4285,15,1,1492540200,1769089384,True
LTE,286,1,8480,27429,-1,32.7082,39.7843,1000,12,1,1753851508,1753885930,True
LTE,286,1,8482,31767,-1,32.8731,39.8792,1000,9,1,1763952418,1763973181,True
LTE,286,1,8482,31771,-1,32.8731,39.8774,1000,10,1,1763952374,1763973181,True
LTE,286,1,8482,35084,0,32.8477,39.9113,9116,13,1,1473588357,1748185507,True
LTE,286,1,8482,35104,0,32.8585,39.9081,1000,15,1,1471854208,1748185507,True
LTE,286,1,8483,35877,-1,32.8488,39.924,1000,2,1,1762946937,1762956130,True
LTE,286,1,8208,204822,-1,32.8358,39.9205,1000,8,1,1768869192,1769089384,True
LTE,286,1,8208,215830,0,32.8158,39.922,1746,16,1,1477181371,1748185507,True
LTE,286,1,8208,215840,0,32.8165,39.925,2288,23,1,1477012706,1748185507,True
LTE,286,1,8208,215845,-1,32.8082,39.9102,1000,1,1,1768876313,1768876313,True
LTE,286,1,8208,215854,-1,32.8083,39.9102,1000,3,1,1768871302,1769089384,True
LTE,286,1,8482,313100,0,32.8677,39.9054,2851,24,1,1481773229,1748185507,True
LTE,286,1,8482,313110,0,32.8639,39.9062,1000,11,1,1476336316,1748185507,True
LTE,286,1,8483,322828,-1,32.8523,39.9135,1000,11,1,1628807642,1763973181,True
LTE,286,1,8483,322848,-1,32.847,39.9146,1000,13,1,1747825846,1763973181,True
LTE,286,1,8483,322850,-1,32.8483,39.9144,1000,6,1,1628807681,1763973181,True
LTE,286,1,8208,436238,-1,32.8096,39.9273,1000,11,1,1762945836,1762956130,True
LTE,286,1,8208,561696,-1,32.8138,39.8974,1000,5,1,1747825265,1748185507,True
LTE,286,1,8208,572447,-1,32.8083,39.9104,1000,1,1,1768871252,1768871252,True
LTE,286,1,8483,582432,0,32.8585,39.9057,4612,17,1,1461295465,1748185507,True
LTE,286,1,8481,720667,-1,32.6456,39.8193,1426,24,1,1628920540,1753885930,True
LTE,286,1,8481,720677,-1,32.6441,39.8382,1000,17,1,1628920460,1753885931,True
LTE,286,1,8209,748049,-1,32.8473,39.9263,1000,3,1,1762946716,1762956130,True
LTE,286,1,8209,748059,-1,32.8463,39.9279,1000,2,1,1762946706,1762956130,True
LTE,286,1,8483,749580,0,32.8587,39.9158,9130,22,1,1484511951,1763973181,True
LTE,286,1,8483,749590,0,32.8332,39.9163,3513,15,1,1493912558,1769089384,True
LTE,286,1,8483,749595,-1,32.8338,39.9164,1000,4,1,1768957839,1769089382,True
LTE,286,1,8209,781605,-1,32.8377,39.9348,1000,4,1,1762946586,1762956130,True
LTE,286,1,8208,786956,0,32.8163,39.9133,3947,32,1,1471129611,1748185507,True
LTE,286,1,8208,786957,-1,32.8192,39.9157,1478,3,1,1769045312,1769089384,True
LTE,286,1,8208,786961,-1,32.8147,39.9105,1000,10,1,1659307080,1769089382,True
LTE,286,1,8208,786966,0,32.8169,39.9102,7254,21,1,1471129611,1748185507,True
LTE,286,1,8208,786976,0,32.8125,39.9102,1000,10,1,1471484731,1769089383,True
LTE,286,1,8208,786977,-1,32.8088,39.9101,1000,6,1,1768984692,1769089383,True
LTE,286,1,8208,786978,-1,32.8132,39.9098,1000,10,1,1661903035,1769089384,True
LTE,286,1,8480,790540,-1,32.5812,39.8318,742,34,1,1628808442,1753885931,True
LTE,286,1,8480,790541,-1,32.581,39.8317,1678,27,1,1628808482,1753885931,True
LTE,286,1,8480,790545,-1,32.5763,39.8269,1000,23,1,1628920180,1753885931,True
LTE,286,1,8480,790561,-1,32.5587,39.8135,1406,26,1,1753852245,1753885931,True
LTE,286,1,8480,793612,0,32.7643,39.8237,1461,4,1,1489925837,1748185506,True
LTE,286,1,8480,793617,-1,32.7578,39.8144,1000,5,1,1747824425,1748185506,True
LTE,286,1,8480,793622,0,32.7363,39.8204,2293,10,1,1489426292,1748185506,True
LTE,286,1,8480,793627,-1,32.7387,39.7757,6877,24,1,1747824365,1753885930,True
LTE,286,1,8478,955916,0,32.8684,39.8756,1000,15,1,1473487643,1763973181,True
LTE,286,1,8478,955936,0,32.8609,39.8803,5376,26,1,1471316642,1763973181,True
LTE,286,1,8196,1013807,-1,32.8513,39.9862,1000,1,1,1759706263,1759706263,True
LTE,286,1,8208,1106188,-1,32.8327,39.9173,1138,10,1,1747825795,1769089384,True
LTE,286,1,8208,1106208,-1,32.8301,39.9167,1153,15,1,1747825765,1769089384,True
LTE,286,1,8208,1106209,-1,32.8284,39.927,1000,1,1,1769045132,1769045132,True
LTE,286,1,8208,1106213,-1,32.8292,39.9159,1000,2,1,1768869402,1768933563,True
LTE,286,1,8478,1142294,-1,32.8101,39.8495,725,47,1,1661902678,1748185506,True
LTE,286,1,8192,1183760,-1,32.7743,39.97,1000,1,1,1775560391,1775560391,True
LTE,286,1,8483,1221389,-1,32.8481,39.9249,1000,1,1,1762946837,1762946837,True
LTE,286,1,8483,1221409,-1,32.8478,39.9254,1000,2,1,1762946782,1762956130,True
LTE,286,1,8483,1221413,-1,32.8483,39.9246,1000,1,1,1762946892,1762946892,True
LTE,286,1,8212,1480721,-1,32.5726,39.9529,1000,1,1,1779882497,1779882497,True
LTE,286,1,8212,1480726,-1,32.5716,39.9529,1000,9,1,1779882442,1780056364,True
LTE,286,1,8212,1480731,-1,32.5711,39.9534,1000,1,1,1779919948,1779919948,True
LTE,286,1,8212,1480736,-1,32.5716,39.9536,1000,11,1,1779882412,1780056364,True
LTE,286,1,8212,1480740,-1,32.5714,39.9535,1000,6,1,1779890103,1780056364,True
LTE,286,1,8212,1480741,-1,32.5712,39.9536,1000,17,1,1779886284,1780056364,True
LTE,286,1,8481,1700385,-1,32.6342,39.8664,1000,5,1,1753851960,1753885931,True
LTE,286,1,8208,2368022,-1,32.8085,39.9104,1000,10,1,1768876383,1769089384,True
LTE,286,1,8208,2368023,-1,32.8085,39.9104,1000,4,1,1768871152,1769089384,True
LTE,286,1,8208,2368024,-1,32.8088,39.9105,1000,2,1,1768968990,1769089384,True
LTE,286,1,8480,2372394,-1,32.7339,39.7522,1000,11,1,1747824185,1748185505,True
LTE,286,1,8478,2372906,-1,32.8111,39.872,1000,3,1,1747825135,1748185506,True
LTE,286,1,8480,2437137,-1,32.6658,39.7843,1465,49,1,1628920660,1753885930,True
LTE,286,1,8480,2437147,-1,32.6529,39.7974,1400,33,1,1628920640,1753885930,True
LTE,286,1,8208,2523148,-1,32.8305,39.9262,1000,2,1,1763951463,1769089384,True
LTE,286,1,8208,2523149,-1,32.8331,39.9243,1000,8,1,1763951433,1768933563,True
LTE,286,1,8208,2523158,-1,32.8326,39.924,1000,4,1,1768957739,1769089384,True
LTE,286,1,8208,2523163,-1,32.8314,39.9257,1000,4,1,1763950510,1769089384,True
LTE,286,1,8208,2523168,-1,32.8304,39.9249,1000,7,1,1768904196,1769089383,True
LTE,286,1,8208,2523173,-1,32.8326,39.9253,1000,2,1,1763951089,1763973181,True
LTE,286,1,8482,2526741,-1,32.8689,39.8826,1000,1,1,1753259160,1753259160,True
LTE,286,1,8482,2526742,-1,32.8684,39.8829,1000,4,1,1763240638,1763973181,True
LTE,286,1,8482,2526743,-1,32.8687,39.8826,1000,1,1,1763953328,1763953328,True
LTE,286,1,8482,2526744,-1,32.8682,39.8832,1000,4,1,1763952525,1763973181,True
LTE,286,1,8482,2526751,-1,32.8681,39.8839,1000,1,1,1763952774,1763952774,True
LTE,286,1,8482,2526752,-1,32.8685,39.8827,1000,4,1,1753259195,1763973181,True
LTE,286,1,8480,2582540,-1,32.6998,39.7816,1000,23,1,1628920800,1753885930,True
LTE,286,1,8480,2582550,-1,32.6869,39.7768,640,26,1,1628920730,1753885930,True
LTE,286,1,8480,2582555,-1,32.6817,39.7761,1000,13,1,1753851582,1753885930,True
LTE,286,1,8208,2904342,-1,32.8178,39.9315,1000,2,1,1763606875,1763616241,True
LTE,286,1,8208,2904343,-1,32.8177,39.9316,1000,5,1,1762945986,1763616241,True
LTE,286,1,8208,2904344,-1,32.8184,39.9321,1000,2,1,1763606840,1763616241,True
LTE,286,1,8480,2979355,-1,32.7179,39.7852,1000,13,1,1753851477,1753885930,True
LTE,286,1,8208,3000086,-1,32.8141,39.9004,1000,11,1,1666501686,1748185506,True
LTE,286,1,8208,3000096,-1,32.8141,39.9008,1000,5,1,1747825285,1748185507,True
LTE,286,2,40635,3097356,-1,32.7442,39.9301,1000,7,1,1752327486,1752354317,True
LTE,286,2,40624,3175507,-1,32.6506,39.8668,1000,1,1,1779344288,1779344288,True
LTE,286,1,8208,3193612,-1,32.8133,39.8934,1000,5,1,1747825245,1748185506,True
LTE,286,1,8208,3193632,-1,32.8137,39.8956,1000,5,1,1747825255,1748185506,True
LTE,286,1,8192,3198749,-1,32.7372,39.9831,1000,2,1,1760584359,1760623201,True
LTE,286,1,8192,3198773,-1,32.7364,39.9827,1000,1,1,1760584379,1760584379,True
LTE,286,1,8482,3427340,0,32.8575,39.8839,1000,5,1,1476923379,1763973181,True
LTE,286,1,8482,3427342,-1,32.8582,39.8819,1000,5,1,1763952220,1763973181,True
LTE,286,1,8195,3430156,0,32.8597,39.9813,6000,7,1,1505577720,1759727221,True
LTE,286,1,8195,3430161,-1,32.8508,39.9863,1000,1,1,1759706917,1759706917,True
LTE,286,1,8208,3523339,0,32.8029,39.9105,1000,4,1,1477181372,1769089382,True
LTE,286,1,8208,3523342,-1,32.8081,39.9104,1000,1,1,1768968980,1768968980,True
LTE,286,1,8483,3733272,0,32.8555,39.9116,1439,8,1,1472018736,1763973181,True
LTE,286,1,8208,4183318,0,32.8162,39.9116,4945,8,1,1477181372,1748185507,True
LTE,286,1,8208,4191236,-1,32.8094,39.9125,1000,1,1,1768885754,1768885754,True
LTE,286,1,8208,4191238,-1,32.8094,39.9125,1000,1,1,1768887724,1768887724,True
LTE,286,1,8208,4191239,-1,32.8094,39.9124,1000,2,1,1768885644,1769089382,True
LTE,286,1,8208,4191240,-1,32.8094,39.9124,1000,2,1,1768887154,1769089382,True
LTE,286,1,8208,4191241,-1,32.8094,39.9124,1000,2,1,1768885694,1769089382,True
LTE,286,1,8208,4191304,-1,32.8094,39.9124,1000,2,1,1768887674,1769089382,True
LTE,286,1,8208,4191314,-1,32.8094,39.9124,1000,2,1,1768885764,1769089382,True
LTE,286,1,8208,4191315,-1,32.8093,39.9123,1000,1,1,1768973741,1768973741,True
LTE,286,1,8208,4472598,0,32.817,39.9005,9011,46,1,1483304737,1769089384,True
LTE,286,1,8208,4472599,-1,32.8085,39.9135,1000,4,1,1769054533,1769089384,True
LTE,286,1,8208,4472600,-1,32.8084,39.9134,1000,4,1,1769053933,1769089384,True
LTE,286,1,8208,4472602,-1,32.8084,39.9135,1000,3,1,1769053963,1769089384,True
LTE,286,1,8208,4472603,-1,32.8085,39.9135,1000,3,1,1769054863,1769089384,True
LTE,286,1,8208,4473355,0,32.8137,39.9131,1000,14,1,1462615522,1769089384,True
LTE,286,1,8208,4473356,0,32.8153,39.9059,8448,34,1,1463854167,1769089384,True
LTE,286,1,8208,4473357,-1,32.8119,39.9132,2079,8,1,1768870192,1769089384,True
LTE,286,1,8208,4473358,-1,32.8095,39.9114,1000,19,1,1630714273,1769089384,True
LTE,286,1,8208,4473359,-1,32.81,39.9107,1000,4,1,1768870172,1769089384,True
LTE,286,1,8208,4473360,-1,32.8108,39.9115,1000,17,1,1768870212,1769089384,True
LTE,286,1,8208,4473361,-1,32.8108,39.9116,1000,20,1,1628807772,1769089384,True
LTE,286,1,8208,4473365,0,32.8171,39.9117,3520,8,1,1477181372,1769089384,True
LTE,286,1,8208,4473366,0,32.8065,39.9101,2531,18,1,1463854167,1769089384,True
LTE,286,1,8208,4473367,-1,32.8083,39.9113,1000,8,1,1768887854,1769089384,True
LTE,286,1,8208,4473368,-1,32.8068,39.9115,1000,11,1,1661903166,1769089384,True
LTE,286,1,8208,4473370,-1,32.8086,39.9114,1000,9,1,1768887924,1769089384,True
LTE,286,1,8208,4473371,-1,32.8088,39.9115,1000,5,1,1768887884,1769089384,True
LTE,286,1,8208,4473377,-1,32.8082,39.9128,1000,4,1,1769053823,1769089384,True
LTE,286,1,8208,4473378,-1,32.804,39.9123,622,28,1,1630714277,1769089384,True
LTE,286,1,8208,4473380,-1,32.8083,39.9134,1000,1,1,1769053953,1769053953,True
LTE,286,1,8208,4473381,-1,32.8084,39.913,1000,2,1,1769055113,1769089384,True
LTE,286,1,8481,4861457,-1,32.6069,39.8543,1106,37,1,1628920310,1753885931,True
LTE,286,1,8481,4861472,-1,32.5977,39.8482,1539,31,1,1628808362,1753885931,True
LTE,286,1,8481,4861477,-1,32.5967,39.8476,1000,6,1,1753852108,1753885931,True
LTE,286,1,8480,5046033,-1,32.753,39.8087,1000,3,1,1747824405,1748185506,True
LTE,286,1,8480,5046038,-1,32.7361,39.756,1000,6,1,1747824205,1748185505,True
LTE,286,1,8480,5046053,-1,32.7417,39.7661,1000,6,1,1753851319,1753885930,True
LTE,286,1,8480,5046063,-1,32.744,39.7754,1002,24,1,1753851329,1753885930,True
LTE,286,1,8480,5047077,-1,32.6652,39.7847,1000,18,1,1628920690,1753885930,True
LTE,286,1,8208,5051670,-1,32.8129,39.8898,1000,13,1,1659306990,1748185507,True
LTE,286,1,8478,5056012,-1,32.8123,39.8836,1000,9,1,1747825185,1748185506,True
LTE,286,1,8478,5056022,-1,32.8119,39.8796,1000,2,1,1747825175,1748185506,True
LTE,286,1,8478,5056032,-1,32.8113,39.8755,1000,13,1,1697085541,1748185506,True
LTE,286,1,8212,5213708,-1,32.5703,39.954,1000,2,1,1779959148,1780056364,True
LTE,286,1,8212,5213710,-1,32.5706,39.9538,1000,3,1,1779958255,1780056364,True
LTE,286,1,8208,5434636,-1,32.8119,39.9109,1000,5,1,1768869622,1769089383,True
LTE,286,1,8208,5434637,-1,32.8126,39.9101,1000,6,1,1768958589,1769089384,True
LTE,286,1,8208,5434640,-1,32.8117,39.9113,1000,1,1,1768984122,1768984122,True
LTE,286,1,8208,5434641,-1,32.8129,39.91,1000,11,1,1768869592,1769089384,True
LTE,286,1,8208,5434647,-1,32.8127,39.9097,1000,4,1,1768871182,1769089384,True
LTE,286,1,8208,5567008,-1,32.8319,39.9191,1000,1,1,1768904026,1768904026,True
LTE,286,1,8208,5567012,-1,32.8305,39.9183,1000,10,1,1768903906,1769089383,True
LTE,286,1,8208,5567013,-1,32.8302,39.918,1000,7,1,1768985382,1769089383,True
LTE,286,1,8195,5694998,-1,32.8512,39.9862,1000,1,1,1759707136,1759707136,True
LTE,286,1,8482,5888534,-1,32.8689,39.8824,1000,1,1,1763240607,1763240607,True
LTE,286,1,8482,5888535,-1,32.8698,39.8809,1000,7,1,1763952470,1763973181,True
LTE,286,1,8196,5900566,-1,32.8961,39.934,1000,4,1,1741779705,1741820581,True
LTE,286,2,40628,5905233,-1,32.5694,39.9642,1000,8,1,1752328432,1752354320,True
LTE,286,2,40628,5905234,-1,32.566,39.9626,1000,4,1,1752328484,1752354320,True
LTE,286,2,40621,5913683,-1,32.8376,39.939,1000,3,1,1752327127,1752354316,True
LTE,286,1,8209,6002976,0,32.8318,39.9339,1000,22,1,1471032437,1762956130,True
LTE,286,1,8209,6002977,-1,32.832,39.9335,1000,3,1,1762946391,1762956130,True
LTE,286,1,8209,6002981,-1,32.835,39.9344,1000,6,1,1762946451,1762956130,True
LTE,286,1,8478,6005004,0,32.8076,39.8441,583,50,1,1459881258,1748185506,True
LTE,286,1,8478,6005024,0,32.8007,39.8455,4435,19,1,1480197947,1748185506,True
LTE,286,1,8208,6226189,-1,32.8175,39.9145,1670,11,1,1768869512,1769089384,True
LTE,286,1,8208,6226192,-1,32.8175,39.9134,1000,9,1,1768869502,1768933564,True
LTE,286,1,8208,6226193,-1,32.8195,39.9177,1283,3,1,1659307130,1769089384,True
LTE,286,1,8208,6226198,0,32.8143,39.9118,1968,13,1,1505882317,1768933563,True
LTE,286,1,8208,6226200,-1,32.8145,39.912,1000,14,1,1659307100,1768933564,True
LTE,286,1,8208,6226203,-1,32.8145,39.9108,1000,4,1,1768958049,1769089382,True
LTE,286,1,8208,6226208,0,32.815,39.9128,2928,18,1,1492453800,1769089384,True
LTE,286,1,8208,6226212,-1,32.8152,39.9128,1000,3,1,1768903586,1768933564,True
LTE,286,1,8208,6226213,-1,32.819,39.9171,1362,3,1,1768958029,1769089384,True
LTE,286,1,8482,6527500,-1,32.8552,39.8876,1000,4,1,1763952109,1763973181,True
LTE,286,1,8482,6527510,-1,32.8553,39.889,1000,4,1,1763952099,1763973181,True
LTE,286,1,8482,6527525,-1,32.8557,39.8905,1000,4,1,1763952089,1763973181,True
LTE,286,2,40625,6822945,-1,32.5764,39.9665,1000,5,1,1752328347,1752354320,True
LTE,286,1,8483,6841868,0,32.8561,39.9123,1000,14,1,1471857559,1748185507,True
LTE,286,1,8483,6841889,0,32.8552,39.9113,1000,7,1,1461189666,1763973181,True
LTE,286,1,8482,6865430,0,32.8568,39.8883,1395,25,1,1476230248,1763973181,True
LTE,286,1,8481,6867729,-1,32.6278,39.8511,1000,18,1,1628920410,1753885931,True
LTE,286,1,8481,6867749,-1,32.6367,39.8445,1000,20,1,1628920420,1753885931,True
LTE,286,1,8478,6913804,-1,32.8104,39.8636,500,30,1,1661902772,1748185506,True
LTE,286,1,8478,6913824,-1,32.8097,39.8583,687,30,1,1661902728,1748185506,True
LTE,286,1,8482,7532581,-1,32.8565,39.8928,1000,7,1,1763952069,1763973181,True
LTE,286,1,8481,7637538,-1,32.7,39.8305,1000,5,1,1746948400,1746957543,True
LTE,286,1,8483,7741221,-1,32.8082,39.9105,1000,1,1,1768871112,1768871112,True
LTE,286,1,8208,8044065,-1,32.8177,39.9339,1000,1,1,1763607065,1763607065,True
LTE,286,1,8195,8190737,-1,32.8506,39.9863,1000,4,1,1759706927,1759727221,True
LTE,286,1,8483,8330769,-1,32.8578,39.9098,1000,2,1,1747825985,1748185507,True
LTE,286,1,8483,8331546,-1,32.8355,39.9201,1000,4,1,1768869222,1769089384,True
LTE,286,1,8483,8331547,-1,32.8349,39.9218,1000,8,1,1768869162,1769089382,True
LTE,286,1,8209,8343835,-1,32.8436,39.932,1000,1,1,1762946651,1762946651,True
LTE,286,2,40629,8395345,-1,32.5746,39.9664,1000,2,1,1752328379,1752354320,True
LTE,286,1,8208,8414732,-1,32.8085,39.9116,1000,1,1,1768975061,1768975061,True
LTE,286,1,8208,8414733,-1,32.8153,39.9156,1691,5,1,1768869532,1769089384,True
LTE,286,1,8208,8414735,-1,32.8062,39.9105,1000,2,1,1768985052,1769089383,True
LTE,286,1,8208,8414736,-1,32.8064,39.9102,1000,7,1,1768902946,1768933564,True
LTE,286,1,8208,8414737,-1,32.8043,39.9105,1009,21,1,1628807782,1769089383,True
LTE,286,1,8208,8414742,-1,32.8057,39.9089,1000,2,1,1768985012,1769089383,True
LTE,286,1,8208,8414743,-1,32.8063,39.9081,1000,4,1,1768984982,1769089383,True
LTE,286,1,8208,8414746,-1,32.8063,39.9082,1000,7,1,1768903336,1768933564,True
LTE,286,2,40635,8616481,-1,32.6803,39.9455,1000,5,1,1752327688,1752354319,True
LTE,286,2,40637,8637452,-1,32.7383,39.9281,1000,5,1,1752327506,1752354317,True
LTE,286,1,8208,8766225,-1,32.8176,39.9322,1000,1,1,1763606945,1763606945,True
LTE,286,1,8195,8771616,-1,32.8513,39.9862,1000,6,1,1759706841,1759727221,True
LTE,286,1,8478,8804364,-1,32.8637,39.878,1000,8,1,1763952257,1763973181,True
LTE,286,1,8478,8804389,-1,32.8608,39.8801,1000,6,1,1763952239,1763973181,True
LTE,286,1,8208,8810769,-1,32.8176,39.9286,1000,3,1,1747825485,1748185507,True
LTE,286,1,8208,8810784,-1,32.8153,39.9245,1000,22,1,1747825445,1748185507,True
LTE,286,1,8482,9034513,-1,32.8641,39.9038,1000,1,1,1747826645,1747826645,True
LTE,286,1,8478,9356556,-1,32.811,39.871,1000,23,1,1661902803,1748185506,True
LTE,286,1,8478,9356566,-1,32.8105,39.8656,1000,20,1,1659306870,1748185506,True
LTE,286,1,8208,9405709,-1,32.8083,39.9104,1000,2,1,1768969030,1769089384,True
LTE,286,1,8208,9405728,-1,32.8082,39.9104,1000,2,1,1768969090,1769089384,True
LTE,286,1,8208,9405732,-1,32.8082,39.9103,1000,4,1,1768876363,1769089384,True
LTE,286,1,8478,9486092,-1,32.8092,39.8559,1000,16,1,1659306850,1748185506,True
LTE,286,1,8482,9501969,-1,32.8574,39.8951,1000,4,1,1763952059,1763973181,True
LTE,286,1,8208,9664780,-1,32.8284,39.9265,1000,15,1,1768861844,1769089384,True
LTE,286,1,8208,9664784,-1,32.8283,39.9267,1000,5,1,1768858029,1769089384,True
LTE,286,1,8208,9664785,-1,32.8283,39.9265,1000,16,1,1768862184,1769089384,True
LTE,286,1,8208,9664790,-1,32.8276,39.9251,1000,9,1,1768908747,1769089384,True
LTE,286,1,8208,9664791,-1,32.8282,39.9253,1000,1,1,1768996363,1768996363,True
LTE,286,1,8208,9664794,-1,32.8282,39.9253,1000,1,1,1768996153,1768996153,True
LTE,286,1,8208,9664795,-1,32.8282,39.9254,1000,3,1,1768908867,1769089384,True
LTE,286,1,8208,9664800,-1,32.8274,39.9255,1000,2,1,1768989573,1769089383,True
LTE,286,1,8482,9822732,-1,32.8588,39.9027,1000,15,1,1628807592,1763973181,True
LTE,286,1,8482,9822742,-1,32.859,39.8986,1000,9,1,1628807582,1763973181,True
LTE,286,2,40634,9967185,-1,32.8085,39.9432,1000,6,1,1752327286,1752354316,True
LTE,286,2,40636,9986081,-1,32.7482,39.9313,1000,6,1,1752327476,1752354317,True
LTE,286,2,40635,10023754,-1,32.6768,39.9465,1000,7,1,1752327698,1752354319,True
LTE,286,2,40635,10023763,-1,32.6865,39.9432,1000,8,1,1752327667,1752354319,True
LTE,286,1,8208,10051119,-1,32.8089,39.9105,1000,12,1,1768870422,1769089384,True
LTE,286,1,8208,10051129,-1,32.8092,39.9106,1000,5,1,1768870392,1769089384,True
LTE,286,1,8208,10051139,-1,32.809,39.9106,1000,5,1,1768888144,1769089384,True
LTE,286,1,8208,10051149,-1,32.8088,39.9105,1000,2,1,1768972091,1769089384,True
LTE,286,1,8208,10051159,-1,32.809,39.9106,1000,10,1,1768870372,1769089384,True
LTE,286,1,8208,10051169,-1,32.8087,39.9105,1000,20,1,1768871012,1769089384,True
LTE,286,1,8208,10077457,-1,32.8082,39.9104,1000,2,1,1768885254,1769089382,True
LTE,286,1,8208,10077467,-1,32.8089,39.9106,1000,4,1,1768871162,1769089384,True
LTE,286,1,8209,10081824,-1,32.8456,39.9297,1000,2,1,1762946686,1762956130,True
LTE,286,1,8209,10081829,-1,32.8461,39.9286,1000,1,1,1762946701,1762946701,True
LTE,286,1,8209,10081834,-1,32.845,39.9305,1000,2,1,1762946666,1762956130,True
LTE,286,1,8209,10081839,-1,32.8441,39.9312,1000,2,1,1762946656,1762956130,True
LTE,286,1,8196,10339345,-1,32.8961,39.934,1000,3,1,1741778604,1741820581,True
LTE,286,1,8196,10339596,-1,32.8961,39.934,1000,5,1,1741778816,1741820581,True
LTE,286,1,8196,10339597,-1,32.8961,39.934,1000,2,1,1741779235,1741820581,True
LTE,286,1,8208,10632972,-1,32.8259,39.9237,1000,4,1,1768989863,1769089383,True
LTE,286,1,8208,10632982,-1,32.8259,39.9228,1000,8,1,1768989903,1769089384,True
LTE,286,1,8208,10632984,-1,32.826,39.9224,1000,4,1,1768989943,1769089383,True
LTE,286,1,8208,10632987,-1,32.8262,39.9222,1000,1,1,1768995341,1768995341,True
LTE,286,1,8208,10633002,-1,32.8259,39.9247,1000,7,1,1768989763,1769089383,True
LTE,286,1,8481,10710284,-1,32.5894,39.8402,843,26,1,1628808402,1753885931,True
LTE,286,1,8481,10710289,-1,32.5916,39.8424,1000,11,1,1753852119,1753885931,True
LTE,286,1,8480,10725644,-1,32.6722,39.7779,1000,6,1,1753851615,1753885930,True
LTE,286,1,8482,10821674,-1,32.8592,39.9072,1000,1,1,1747826055,1747826055,True
LTE,286,1,8208,10849814,-1,32.8235,39.9328,1000,1,1,1762946176,1762946176,True
LTE,286,1,8208,10849815,-1,32.8247,39.9328,1000,1,1,1762946186,1762946186,True
LTE,286,1,8208,10849818,-1,32.8285,39.9321,1000,1,1,1768985732,1768985732,True
LTE,286,1,8208,10849819,-1,32.8229,39.9326,1000,2,1,1762946156,1762956130,True
LTE,286,1,8209,10950929,-1,32.8428,39.9336,1000,10,1,1666502046,1762956130,True
LTE,286,1,8209,10950939,-1,32.8424,39.9324,1000,2,1,1762946631,1762956130,True
LTE,286,1,8192,11189292,-1,32.7505,39.9833,1000,2,1,1743148608,1743168781,True
LTE,286,1,8480,11205689,-1,32.7823,39.8421,1000,16,1,1747824765,1748185506,True
LTE,286,1,8483,11542289,-1,32.858,39.9096,1000,1,1,1747825995,1747825995,True
LTE,286,1,8208,11737888,-1,32.8126,39.8872,1000,4,1,1747825215,1748185506,True
LTE,286,2,40628,11794257,-1,32.6044,39.9605,1000,6,1,1752327948,1752354320,True
LTE,286,2,40628,11794258,-1,32.6011,39.961,1000,5,1,1752327969,1752354320,True
LTE,286,2,40635,11797792,-1,32.7846,39.9364,1000,6,1,1752327366,1752354317,True
LTE,286,2,40635,11797793,-1,32.7823,39.9321,2225,7,1,1584321771,1752354317,True
LTE,286,2,40635,11797843,-1,32.7787,39.9344,1000,6,1,1752327386,1752354317,True
LTE,286,2,40636,11798611,-1,32.7884,39.9606,1000,1,1,1759626091,1759626091,True
LTE,286,2,40628,11830560,-1,32.595,39.962,1000,7,1,1752328010,1752354320,True
LTE,286,2,40628,11830816,-1,32.5789,39.9662,1000,4,1,1752328316,1752354320,True
LTE,286,2,40621,11833940,-1,32.8362,39.9399,1000,2,1,1752327146,1752354316,True
LTE,286,2,40628,11836960,-1,32.5819,39.9652,1000,3,1,1752328284,1752354320,True
LTE,286,2,40628,11837010,-1,32.5839,39.9646,1000,2,1,1752328148,1752354320,True
LTE,286,2,40628,11837011,-1,32.583,39.9648,1000,2,1,1752328274,1752354320,True
LTE,286,1,8482,11859231,-1,32.8582,39.9052,1000,7,1,1763951994,1763973181,True
LTE,286,1,8482,11859232,0,32.8563,39.9084,4087,29,1,1471854208,1763973181,True
LTE,286,2,40628,11878483,-1,32.5731,39.9659,1000,4,1,1752328390,1752354320,True
LTE,286,2,40635,11892512,-1,32.759,39.9312,1000,5,1,1752327446,1752354317,True
LTE,286,2,40635,11892562,-1,32.7536,39.9315,1000,11,1,1752327456,1752354317,True
LTE,286,2,40625,11904011,-1,32.6164,39.9575,1521,9,1,1752327897,1752354320,True
LTE,286,2,40625,11904083,-1,32.609,39.9595,1000,7,1,1752327928,1752354320,True
LTE,286,2,40635,11907871,-1,32.7964,39.9404,1000,6,1,1752327326,1752354316,True
LTE,286,2,40635,11907873,-1,32.7906,39.9386,1000,11,1,1752327336,1752354316,True
LTE,286,2,40628,11916575,-1,32.5806,39.9656,1000,3,1,1752328295,1752354320,True
LTE,286,1,8208,11940620,-1,32.8013,39.9218,1000,4,1,1762878627,1762888277,True
LTE,286,2,40628,11942993,-1,32.5867,39.9636,1000,9,1,1752328073,1752354320,True
LTE,286,2,40622,11955283,-1,32.7758,39.9334,1000,6,1,1752327396,1752354317,True
LTE,286,2,40635,11976460,-1,32.7074,39.9303,1000,6,1,1752327596,1752354318,True
LTE,286,2,40635,11976530,-1,32.7035,39.9334,1000,11,1,1752327606,1752354318,True
LTE,286,2,40635,11976531,-1,32.6996,39.9364,1000,6,1,1752327626,1752354318,True
LTE,286,2,40628,11978577,-1,32.5639,39.9617,1000,4,1,1752328495,1752354320,True
LTE,286,2,40628,11978578,-1,32.5591,39.9614,1000,7,1,1752328505,1752354320,True
LTE,286,2,40608,11980616,0,32.8379,39.8911,5680,3,1,1488855629,1771112281,True
LTE,286,2,40629,11983412,-1,32.5538,39.9618,1000,7,1,1752328536,1752354320,True
LTE,286,2,40629,11983413,-1,32.5502,39.9606,1000,7,1,1752328567,1752354320,True
LTE,286,2,40625,12013855,-1,32.6349,39.9546,1000,3,1,1752327833,1752354320,True
LTE,286,2,40625,12013895,-1,32.6339,39.9548,1000,1,1,1752327864,1752327864,True
LTE,286,2,40625,12013905,-1,32.6423,39.9533,1000,5,1,1752327802,1752354319,True
LTE,286,2,40625,12013907,-1,32.6405,39.9537,1000,9,1,1752327792,1752354319,True
LTE,286,2,40625,12032525,-1,32.6339,39.9548,1000,1,1,1752327887,1752327887,True
LTE,286,2,40617,12040275,-1,32.8174,39.8653,1000,1,1,1777290744,1777290744,True
LTE,286,2,40625,12058449,-1,32.6509,39.9517,1000,7,1,1752327772,1752354319,True
LTE,286,2,40625,12058451,-1,32.6476,39.9523,1000,5,1,1752327782,1752354319,True
LTE,286,2,40628,12060704,-1,32.5925,39.9624,1000,3,1,1752328042,1752354320,True
LTE,286,2,40628,12060705,-1,32.5912,39.9626,1000,3,1,1752328052,1752354320,True
LTE,286,2,40628,12078929,-1,32.5899,39.9628,1000,3,1,1752328063,1752354320,True
LTE,286,2,40634,12088393,-1,32.8025,39.9418,1000,16,1,1752327296,1752354316,True
LTE,286,2,40634,12088402,-1,32.8263,39.9451,1000,4,1,1752327226,1752354316,True
LTE,286,2,40634,12088403,-1,32.8161,39.9451,1000,20,1,1752327246,1752354316,True
LTE,286,2,40634,12088405,-1,32.8237,39.946,1000,5,1,1752327236,1752354316,True
LTE,286,2,40634,12099667,-1,32.8343,39.9408,1000,2,1,1752327166,1752354316,True
LTE,286,2,40625,12123730,-1,32.6547,39.9509,1000,6,1,1752327761,1752354319,True
LTE,286,2,40638,12135693,-1,32.735,39.9269,1000,5,1,1752327516,1752354318,True
LTE,286,2,40635,12137249,-1,32.7644,39.9312,1000,9,1,1752327426,1752354317,True
LTE,286,2,40635,12137298,-1,32.7695,39.9319,1000,6,1,1752327416,1752354317,True
LTE,286,2,40635,12137299,-1,32.7727,39.9326,1000,6,1,1752327406,1752354317,True
LTE,286,1,8208,12162576,-1,32.8112,39.9108,1000,5,1,1768870232,1769089384,True
LTE,286,1,8208,12162577,-1,32.8107,39.911,1000,6,1,1768901966,1769089384,True
LTE,286,1,8208,12162586,-1,32.8114,39.9111,1000,2,1,1768902676,1769089383,True
LTE,286,1,8208,12162587,-1,32.8125,39.9106,1000,1,1,1768958129,1768958129,True
LTE,286,1,8208,12162596,-1,32.8081,39.9091,1000,8,1,1768870272,1769089383,True
LTE,286,1,8208,12162597,-1,32.8092,39.9105,1000,4,1,1768901866,1769089384,True
LTE,286,2,40628,12203089,-1,32.5985,39.9615,1000,4,1,1752327990,1752354320,True
LTE,286,2,40634,12206859,0,32.8318,39.9454,1000,9,1,1482854759,1752354316,True
LTE,286,2,40634,12206931,0,32.8278,39.9436,1000,5,1,1582795104,1752354316,True
LTE,286,2,40635,12234055,-1,32.7282,39.9253,1000,16,1,1752327526,1752354318,True
LTE,286,2,40635,12234056,-1,32.7156,39.9267,1000,11,1,1752327566,1752354318,True
LTE,286,2,40635,12234065,-1,32.721,39.9254,1000,6,1,1752327556,1752354318,True
LTE,286,1,8208,12261132,-1,32.8304,39.9225,5230,26,1,1768957719,1769089382,True
LTE,286,1,8208,12261137,-1,32.8284,39.927,1000,1,1,1769044922,1769044922,True
LTE,286,1,8208,12261147,-1,32.8291,39.9254,1000,1,1,1768985952,1768985952,True
LTE,286,1,8208,12261152,-1,32.8296,39.9268,1000,14,1,1768868962,1769089384,True
LTE,286,1,8208,12261153,-1,32.8293,39.9271,1000,4,1,1768868992,1769089384,True
LTE,286,1,8208,12261157,-1,32.8292,39.9271,1000,4,1,1768957589,1769089384,True
LTE,286,1,8480,13002508,0,32.7846,39.8459,8846,15,1,1480197947,1748185506,True
LTE,286,1,8208,13016844,-1,32.8293,39.9284,1000,2,1,1768985632,1769089383,True
LTE,286,1,8208,13016854,-1,32.8314,39.9269,1000,12,1,1768869042,1769089382,True
LTE,286,1,8208,13016859,-1,32.8301,39.9273,1000,4,1,1768985832,1769089384,True
LTE,286,1,8208,13016868,-1,32.8289,39.9302,1000,4,1,1768985662,1769089383,True
LTE,286,1,8482,13057568,-1,32.8589,39.9075,1000,2,1,1747826035,1748185507,True
LTE,286,2,40635,13143051,-1,32.7102,39.9285,1000,6,1,1752327586,1752354318,True
LTE,286,2,40635,13143113,-1,32.6971,39.9384,1000,6,1,1752327636,1752354318,True
LTE,286,2,40625,13216081,-1,32.6618,39.9496,1000,6,1,1752327740,1752354319,True
LTE,286,2,40625,13216083,-1,32.6583,39.9502,1000,6,1,1752327751,1752354319,True
LTE,286,1,8208,13590306,-1,32.8026,39.9222,1000,6,1,1762945766,1762956130,True
LTE,286,1,8208,13590314,-1,32.8029,39.9234,1000,3,1,1762945806,1762956130,True
LTE,286,1,8208,13590315,-1,32.8019,39.9228,1000,1,1,1762945796,1762945796,True
LTE,286,1,8208,13863706,-1,32.8287,39.9315,1000,4,1,1768985702,1769089383,True
LTE,286,1,8208,13976843,-1,32.8089,39.9106,1000,2,1,1768892254,1769089384,True
LTE,286,1,8195,14127628,-1,32.8503,39.9864,1000,1,1,1759707057,1759707057,True
LTE,286,1,8208,14174220,-1,32.825,39.917,1152,7,1,1747825755,1769089384,True
LTE,286,1,8208,14174224,-1,32.8246,39.9154,1000,4,1,1768903806,1768933564,True
LTE,286,1,8208,14174240,-1,32.8234,39.9147,1000,4,1,1747825745,1748185507,True
LTE,286,1,8208,14174242,-1,32.8202,39.9141,1000,5,1,1768869462,1769089383,True
LTE,286,1,8208,14174244,-1,32.8219,39.9144,1000,15,1,1768903736,1769089383,True
LTE,286,1,8208,14174250,-1,32.822,39.9168,1260,5,1,1768957949,1769089384,True
LTE,286,1,8208,14174255,-1,32.8247,39.9173,1123,5,1,1768869442,1769089384,True
LTE,286,1,8208,14197782,-1,32.8143,39.9027,1000,4,1,1747825295,1748185507,True
LTE,286,1,8208,14197792,-1,32.8144,39.9042,1000,19,1,1659307049,1748185507,True
LTE,286,1,8208,14300443,-1,32.8267,39.9171,1000,7,1,1768985342,1769089383,True
LTE,286,1,8208,14300452,-1,32.8255,39.9169,1000,6,1,1768903826,1769089383,True
LTE,286,1,8208,14300453,-1,32.8247,39.9164,1000,1,1,1768985282,1768985282,True
LTE,286,1,8480,14626316,-1,32.7683,39.8352,1000,18,1,1747824645,1748185506,True
LTE,286,1,8480,14626321,-1,32.7805,39.843,1000,11,1,1747824785,1748185506,True
LTE,286,1,8480,14626331,-1,32.7642,39.823,1000,7,1,1747824485,1748185506,True
LTE,286,1,8208,14742288,-1,32.8328,39.9196,1000,1,1,1768985462,1768985462,True
LTE,286,1,8208,14779148,-1,32.8219,39.9143,1000,4,1,1747825735,1748185507,True
LTE,286,1,8208,14779153,-1,32.8284,39.927,1000,1,1,1769045212,1769045212,True
LTE,286,1,8208,14779168,-1,32.8178,39.9136,1000,13,1,1747825715,1769089382,True
LTE,286,1,8192,14940699,-1,32.7383,39.9836,1000,1,1,1760614145,1760614145,True
LTE,286,1,8192,14940703,-1,32.7385,39.9832,1000,1,1,1760614185,1760614185,True
LTE,286,1,8192,14940709,-1,32.7386,39.9835,1000,4,1,1760540098,1763291763,True
LTE,286,3,21254,15768853,-1,32.7504,39.9833,1000,1,1,1743148693,1743148693,True
LTE,286,1,8208,15881997,-1,32.8156,39.9302,1000,5,1,1762945896,1762956130,True
LTE,286,1,8192,16376334,-1,32.7756,39.9677,1000,5,1,1775479725,1775566081,True
LTE,286,1,8192,16376336,-1,32.7756,39.9676,1000,9,1,1775481076,1775566081,True
LTE,286,3,22790,16442647,-1,32.9323,39.9014,1000,1,1,1743750454,1743750454,True
LTE,286,3,21254,16481045,-1,32.7505,39.9834,1000,1,1,1743148608,1743148608,True
LTE,286,3,22796,16823062,-1,32.8899,39.9739,1000,1,1,1758945832,1758945832,True
LTE,286,3,22796,16823071,-1,32.8899,39.9739,1000,1,1,1758945832,1758945832,True
LTE,286,3,22796,16823072,-1,32.8899,39.9738,1000,2,1,1758945792,1758965702,True
LTE,286,3,22796,16823073,-1,32.8899,39.9739,1000,1,1,1758945812,1758945812,True
LTE,286,3,22796,16823092,-1,32.8899,39.9739,1000,2,1,1758945776,1758965702,True
LTE,286,2,40635,17066311,-1,32.6924,39.9408,1000,11,1,1752327646,1752354318,True
LTE,286,1,8482,19534860,-1,32.8642,39.9038,1000,2,1,1747826235,1748185507,True
LTE,286,1,8208,19592204,0,32.8335,39.9227,4008,21,1,1482609938,1769089383,True
LTE,286,1,8208,19592214,0,32.8318,39.9243,1000,18,1,1472382377,1769089383,True
LTE,286,1,8208,19592216,0,32.8387,39.9153,3153,7,1,1470401384,1769089383,True
LTE,286,1,8208,19592218,-1,32.8314,39.9222,1000,2,1,1768985522,1769089383,True
LTE,286,1,8195,20203793,-1,32.8509,39.9862,1000,1,1,1759707107,1759707107,True
LTE,286,1,8192,20289313,-1,32.7755,39.9678,1000,8,1,1775486364,1775566081,True
LTE,286,1,8192,20289316,-1,32.7759,39.9676,1000,1,1,1775486595,1775486595,True
LTE,286,1,8192,20289317,-1,32.7751,39.9679,1000,1,1,1775487768,1775487768,True
LTE,286,1,8208,20560152,-1,32.8082,39.9103,1000,3,1,1768876433,1769089384,True
LTE,286,1,8192,20903457,-1,32.7368,39.9826,1000,1,1,1760584309,1760584309,True
LTE,286,1,8192,20903468,-1,32.7364,39.9827,1000,1,1,1760584334,1760584334,True
LTE,286,1,8208,21587211,0,32.8121,39.9089,1000,2,1,1462594903,1769089382,True
LTE,286,1,8208,21587226,-1,32.8079,39.9073,1000,4,1,1768903226,1769089383,True
LTE,286,1,8208,21587227,-1,32.8074,39.9071,1000,2,1,1768984952,1769089383,True
LTE,286,1,8208,21587247,-1,32.807,39.9072,1000,1,1,1768984972,1768984972,True
LTE,286,1,8208,21587257,-1,32.8087,39.9102,1000,5,1,1768871322,1769089384,True
LTE,286,1,8208,21622808,-1,32.8093,39.9029,1000,10,1,1697080693,1769089384,True
LTE,286,1,8208,22040589,-1,32.8302,39.9331,1000,3,1,1762946371,1762956130,True
LTE,286,1,8208,22040603,-1,32.8304,39.9301,1000,11,1,1768985782,1769089383,True
LTE,286,1,8208,22040608,0,32.828,39.9324,1000,13,1,1488770875,1762956130,True
LTE,286,1,8208,22040609,-1,32.8279,39.9327,1000,3,1,1762946191,1762956130,True
LTE,286,1,8208,22040613,-1,32.8277,39.9325,1000,5,1,1762946196,1769089383,True
LTE,286,1,8208,22084877,0,32.8184,39.9298,1000,4,1,1462615522,1762956130,True
LTE,286,1,8208,22084878,-1,32.8213,39.9337,1000,19,1,1666501846,1763616241,True
LTE,286,1,8208,22084887,-1,32.8206,39.9318,1000,3,1,1762946131,1762956130,True
LTE,286,1,8208,22084896,0,32.8213,39.9308,6452,19,1,1472584754,1748185507,True
LTE,286,1,8208,22084897,0,32.8188,39.9319,1000,4,1,1461121831,1763616241,True
LTE,286,1,8208,22084901,-1,32.8184,39.9296,1000,3,1,1747825495,1748185507,True
LTE,286,1,8480,22319126,0,32.7393,39.7898,10309,41,1,1467461231,1748185506,True
LTE,286,1,8480,22319128,-1,32.7336,39.7855,3148,27,1,1628920890,1753885930,True
LTE,286,1,8480,22319131,-1,32.7328,39.7871,2822,50,1,1628920830,1753885930,True
LTE,286,1,8480,22319151,-1,32.7464,39.7853,1000,2,1,1753851382,1753885930,True
LTE,286,1,8212,22725644,0,32.5713,39.949,1000,20,1,1489262777,1780056364,True
LTE,286,1,8212,22725649,-1,32.5709,39.9532,1000,3,1,1779882718,1780056364,True
LTE,286,2,40610,23458387,-1,32.8351,39.9404,1000,2,1,1752327156,1752354316,True
LTE,286,1,8481,23890981,-1,32.6458,39.8335,1000,11,1,1753851804,1753885930,True
LTE,286,1,8196,24228888,-1,32.8963,39.9341,1000,2,1,1741778875,1741820581,True
LTE,286,1,8480,24299020,0,32.7907,39.8414,5226,5,1,1493807553,1748185506,True
LTE,286,1,8480,24299040,-1,32.7656,39.8296,1000,6,1,1747824575,1748185506,True
LTE,286,1,8480,24299045,-1,32.7586,39.8154,1000,2,1,1747824445,1748185506,True
LTE,286,1,8480,24299055,-1,32.7653,39.8258,1000,4,1,1747824565,1748185506,True
LTE,286,1,8195,24301846,0,32.8493,39.979,4843,35,1,1465856796,1759727221,True
LTE,286,1,8481,24330528,-1,32.6259,39.8614,728,31,1,1628808272,1753885931,True
LTE,286,1,8481,24330529,-1,32.6273,39.8629,1000,22,1,1753851928,1753885931,True
LTE,286,1,8208,25122577,-1,32.8125,39.9107,1000,4,1,1768869632,1769089384,True
LTE,286,1,8208,25122637,-1,32.8124,39.9108,1000,5,1,1768869662,1769089384,True
LTE,286,1,8208,25122642,-1,32.8125,39.9107,1000,3,1,1768869982,1769089384,True
LTE,286,2,40625,25292113,-1,32.6731,39.9476,1000,6,1,1752327708,1752354319,True
LTE,286,2,40625,25292115,-1,32.6696,39.9484,1000,6,1,1752327719,1752354319,True
LTE,286,1,8208,268397080,-1,32.8119,39.911,1000,1,1,1768902126,1768902126,True
